{
  "model_type": "rf",
  "model_info": {
    "model_type": "rf",
    "status": "trained",
    "n_estimators": 50,
    "n_base_models": 50,
    "n_features": 30
  },
  "metrics": {
    "MAE": 0.04871196950442005,
    "MSE": 0.006369082299681579,
    "RMSE": 0.07980653043255032,
    "R2": 0.9919009827112494,
    "MAPE": 6.297312826207974
  },
  "all_models_comparison": {
    "rf": {
      "mae": 0.05442818325629772,
      "rmse": 0.0891716041790921,
      "r2": 0.9919009827112494,
      "mape": 29.996513198774842
    }
  }
}