{
  "model_type": "ensemble",
  "model_info": {
    "model_type": "ensemble",
    "status": "trained",
    "n_base_models": 4
  },
  "metrics": {
    "MAE": 0.0002110656440143497,
    "MSE": 8.386642736754561e-08,
    "RMSE": 0.00028959700856111346,
    "R2": 0.9999998933542364,
    "MAPE": 0.03495638629412389
  },
  "all_models_comparison": {
    "ensemble": {
      "mae": 0.00023583360862629584,
      "rmse": 0.0003235804097596505,
      "r2": 0.9999998933542364,
      "mape": 0.13181609921973145
    },
    "rf": {
      "mae": 0.029852187674248007,
      "rmse": 0.06152287808115218,
      "r2": 0.9961447508100361,
      "mape": 13.532412142940641
    },
    "gb": {
      "mae": 0.028958142519268246,
      "rmse": 0.05488633937134961,
      "r2": 0.9969316301966742,
      "mape": 10.664186351419065
    }
  }
}