epoch,learning_rate,loss,mae,mape,mape_keras,rmse,val_loss,val_mae,val_mape,val_mape_keras,val_rmse
0,0.0010000000474974513,2.1359426975250244,0.16544406116008759,8129.72119140625,8129.72119140625,0.24656209349632263,0.25845450162887573,0.10669335722923279,204.4150848388672,204.4150848388672,0.12369520962238312
1,0.0010000000474974513,0.11038453131914139,0.11790798604488373,5752.890625,5752.890625,0.14651961624622345,0.033394940197467804,0.09791981428861618,163.48538208007812,163.48538208007812,0.11594541370868683
2,0.0010000000474974513,0.026071859523653984,0.11666180193424225,5897.12548828125,5897.12548828125,0.14420610666275024,0.01758561097085476,0.10065498948097229,177.71441650390625,177.71441650390625,0.11773839592933655
3,0.0010000000474974513,0.020048856735229492,0.11669278889894485,6444.978515625,6444.978515625,0.14420203864574432,0.016009079292416573,0.09947065263986588,171.7936248779297,171.7936248779297,0.11686407774686813
4,0.0010000000474974513,0.019483385607600212,0.11677192896604538,5179.9658203125,5179.9658203125,0.14428165555000305,0.015697402879595757,0.09698937833309174,158.09910583496094,158.09910583496094,0.1155518889427185
